{"cameraMode":{"drawMode":0,"name":"Shaded","section":"Shading Mode"},"sceneLighting":true,"audioPlay":false,"sceneViewState":{"m_AlwaysRefresh":false,"showFog":true,"showSkybox":true,"showFlares":true,"showImageEffects":true,"showParticleSystems":true,"showVisualEffectGraphs":true,"m_FxEnabled":true},"in2DMode":false,"pivot":{"x":255.3131103515625,"y":137.66493225097657,"z":-21.835466384887697},"rotation":{"x":-0.29710158705711367,"y":-0.21378573775291444,"z":0.06847016513347626,"w":-0.9281255602836609},"size":645.1002807617188,"orthographic":false}